cedula1,nombre,apellido,edad
29137793,Danie,Esson,89
30541718,Hermy,Cato,31
50218374,Bradly,Gooda,43
97365212,Chico,Tims,98
26568020,Shaughn,Siege,99
48326168,Elvera,Thomas,83
31555103,Rocky,Iddison,82
74662206,Corrie,Winsor,89
97375050,Marika,Crose,85
42103747,Krissy,Hulcoop,79
22946248,Darrell,Muckian,66
18935076,Eduino,Jackman,26
5372995,Halsey,Isacq,23
26889172,Miltie,Bayldon,81
53872123,Burt,Catford,79
54438430,Cthrine,Duiged,30
24303505,Saloma,Brackley,23
27218150,Elwira,Stitfall,96
15552526,Irving,Minifie,77
97016081,Stefanie,Cadore,87
65276911,Wendel,Phillput,67
15891200,Trstram,Jordan,100
7932518,Nikkie,Yarrington,43
19739796,Joli,Walsom,76
3801453,Jacquetta,Saltmarsh,92
69585763,Katharyn,Suthworth,43
31493604,Ilyssa,Stealfox,46
43505986,Hale,Demkowicz,73
50990032,Will,Stodd,64
34355953,Willie,Smout,51
41049339,Emelita,Minguet,82
74638951,Rollins,Cuningham,36
3262310,Hugues,Carillo,75
94488918,Emerson,Madigan,78
62059332,Katherina,Kenchington,67
53398123,Marty,Wadge,26
10505272,Rasia,Warrior,37
4861869,Erinna,Perch,97
72688535,Vevay,Fink,63
7283560,Euell,Tinmouth,95
87086763,Almire,Scarrisbrick,51
46769915,Lula,Baudouin,31
69790513,Randolf,Ewdale,40
20156836,Aurlie,Shinfield,93
8634584,Cortie,Van den Hof,46
50612787,Katalin,Steptowe,83
90878711,Juliana,Sumsion,56
59877026,Bail,McKane,66
12254220,Rochella,Faichney,87
72727439,Erhard,Stanex,36
59392005,Amelita,McRory,97
98919346,Cloris,Chadwyck,36
76917267,Margaretta,Binney,59
54413173,Josie,Dunley,81
13814411,Ronnie,Suddards,40
68587313,Glad,Klain,82
44645048,Camel,Thurborn,67
46443369,Abrahan,Jedrych,51
15279496,Lorianne,Dansken,74
39346372,Dean,Collaton,63
44636778,Bird,Sunner,67
51948069,Calla,Gurg,49
97222424,Susie,le Keux,39
66794461,George,Camillo,75
54819900,Derwin,Rocco,83
58657508,Kalli,Wynn,18
36028460,Zacharias,Getsham,71
91261994,Benedetto,Pryor,22
56729812,Remy,Bleacher,23
9162952,Norma,Orme,34
4092579,Jud,Le Lievre,79
40189643,Galven,Espinet,99
92951934,Nicoli,Silverstone,84
63044692,Brinn,Parsons,57
92672631,Lana,Wolstencroft,96
80135192,Raymund,Janiszewski,23
15003115,Evaleen,Ivanishchev,89
49206733,Claire,Readshaw,87
31102843,Wolfie,Taynton,59
30329957,Prisca,Radborne,89
62208535,Hershel,Antonescu,53
91693301,Isac,Gylle,46
48924744,Charil,Seggie,70
31423973,Brear,Lemary,96
92355629,Valdemar,Affron,42
56187290,Judon,Boultwood,47
72740439,Tara,Smail,94
22512288,Jessey,Besnard,84
55977222,Shell,Rodson,51
26337952,Kissiah,McAmish,85
77474751,Samson,Swiggs,61
54902601,Sylvia,Mottershead,18
60337153,Myca,Ullett,54
34418308,Penny,Scritch,57
87892397,Carlye,Aisman,93
57363045,Clim,Doman,62
59960503,Hedwig,Hudless,61
65396194,Godard,Southers,94
71767485,Ennis,Bolles,31
17861567,Lin,Thornton-Dewhirst,47
