cedula,departamento,localidad,calle,numero,padron,ruta,km,letra,barrio
29137793,Bev,Orteaux,Saint Paul,105,,,88,,Tegalgede
29137793,Michaella,Slay,Susan,40203,,,353,,Quchomo
30541718,Kaila,Benedetti,Stephen,35710,,,294,,Foshan
30541718,Ethe,Halward,Spohn,6,,,192,,Suibara
30541718,Temple,Tompkiss,Randy,75530,,,439,,Osnabrück
50218374,Tadeas,Hanse,Rusk,7,,,471,,Zhumadian
97365212,Twyla,Torn,Sachs,83130,,,359,,Baiguan
97365212,Maddalena,Claybourne,Northwestern,4,,,454,,Krumvíř
26568020,Devlen,Yukhnev,Bonner,47,,,148,,Belovo
48326168,Charlene,Allcott,Drewry,9582,,,346,,Haurpanggung
31555103,Tabatha,Aspell,Fallview,50,,,253,,Cancela
31555103,Dyann,McHardy,Esker,630,,,175,,Kedungwaru
31555103,Reynard,Curedale,Melvin,8,,,135,,Nuevo Chamelecón
31555103,Gasper,Kienl,Maryland,7811,,,436,,Changyanbao
74662206,Millard,Murney,Oxford,501,,,145,,Vale de Figueira
97375050,Wilt,O' Hern,Summit,4,,,375,,Nobo
42103747,Hans,Panas,Ohio,94637,,,413,,Pekuwon
22946248,Kiah,Cassimer,Golf Course,875,,,410,,Shadili
18935076,Ailis,Coffee,Sloan,1130,,,180,,Česká Skalice
18935076,Buiron,Longmire,Merchant,61,,,464,,Suwa
5372995,Frasier,Dimmne,Oakridge,18953,,,23,,Bieniewice
26889172,Pris,Berney,Southridge,7507,,,347,,Obernai
26889172,Valli,Cawthery,Loomis,78764,,,170,,Cesson
26889172,Gunner,Tumielli,Colorado,9,,,190,,Xinhe
53872123,Linnell,Krebs,Anniversary,785,,,365,,Minji
54438430,Alexei,Feehely,Oakridge,033,,,407,,Sanhe
54438430,Jose,Coade,Orin,3310,,,215,,Saint-Dié-des-Vosges
54438430,Von,Hartfield,Susan,2665,,,205,,Cigembor
54438430,Coreen,Furmston,Dryden,2,,,235,,Hanzhong
54438430,Sarge,Byrne,Parkside,04,,,69,,Chengbei
24303505,Fredia,Ottewill,Sachs,2784,,,372,,Francova Lhota
27218150,Joela,Sherry,Canary,306,,,76,,Mbandjok
15552526,Nadya,Jirousek,Jana,762,,,216,,Boyarka
97016081,Boy,Giroldi,Drewry,890,,,328,,El Progreso
65276911,Adriena,Causby,Stuart,9,,,440,,Kimhae
15891200,Percy,Tommis,Wayridge,877,,,278,,‘Irbīn
7932518,Glyn,McIlwraith,Laurel,3,,,66,,Krajan Sumberanget
19739796,Worth,Extance,Stuart,009,,,499,,Baoshan
3801453,Janel,Brownsey,Weeping Birch,3,,,297,,Östersund
69585763,Leslie,Slinn,Hanson,46,,,133,,Biasong
43505986,Mariann,Peealess,Rigney,43,,,177,,Jorong Lauk
50990032,Thadeus,Emmitt,Sutteridge,15814,,,260,,Wangba
50990032,Hagan,Farley,Forest Run,23,,,305,,Oslo
50990032,Heath,Barizeret,Texas,7,,,47,,Lidingö
34355953,Grannie,Satterfitt,Maple Wood,17832,,,123,,Kvitok
41049339,Berkly,Stampfer,Grayhawk,281,,,447,,Boljevci
41049339,Fernandina,Goroni,Fallview,65667,,,493,,Raminho
41049339,Ardyce,Simacek,Thackeray,99959,,,208,,Liqizhuang
74638951,Templeton,Hamlen,Lukken,96,,,81,,Leshukonskoye
74638951,Zebulon,Ellerton,Welch,96,,,119,,New York City
3262310,Gun,Prudence,Kingsford,67679,,,94,,Mandiana
3262310,Cornie,Perrycost,Manitowish,63,,,331,,Santa Cruz
94488918,Pen,Kennedy,Merrick,97,,,438,,Valbo
62059332,Auguste,Chivrall,Summerview,29207,,,135,,Randuagung
53398123,Astra,McComiskey,Pawling,01,,,40,,Paritaman
10505272,Ginelle,Drynan,Lillian,6563,,,119,,København
4861869,Jobie,Ettery,Butternut,936,,,256,,Na Yung
72688535,Elston,Grelka,Arkansas,06252,,,303,,Arras
87086763,Abramo,Bruckman,Mallory,5582,,,50,,Genteng
87086763,Sandor,Hercules,Clyde Gallagher,7,,,335,,Luoping
87086763,Nefen,Newey,Lakewood,28,,,435,,Loma Bonita
46769915,Tabbi,Crees,Myrtle,9,,,479,,Korolevo
69790513,Hinda,Esley,Main,39107,,,378,,Tracal
20156836,Bibi,Clausius,Buena Vista,046,,,126,,Rajsko
8634584,Linnell,Abdey,Northfield,19382,,,6,,Terang
50612787,Mab,Brooke,Moose,564,,,457,,Pemba
90878711,Alexandr,Yegorov,Utah,783,,,217,,Shiroishi
90878711,Michaelina,Osbourn,Claremont,15931,,,483,,Ţammūn
90878711,Winny,Cogger,Jay,914,,,349,,Domont
12254220,Nikolia,Baggiani,Crescent Oaks,34,,,355,,Lukulu
72727439,Garfield,Bernardinelli,Fordem,55810,,,1,,Hitachi
72727439,Denys,Pickover,Old Shore,187,,,165,,Tanzhesi
72727439,Homerus,Mille,Kim,55957,,,36,,Gusau
72727439,Devin,Maypother,Pine View,632,,,142,,Wangba
59392005,Goldy,Dyka,Burrows,66760,,,191,,Rauco
59392005,Artair,Lente,Mayer,78,,,423,,El Coco
98919346,Jermain,Rubi,Heffernan,474,,,151,,Washington
98919346,Tawsha,Carrivick,Sloan,9793,,,173,,Crnilište
98919346,Royce,MacKereth,Dahle,153,,,239,,Pandan
98919346,Hillary,Pursehouse,Drewry,3,,,460,,Wilmington
98919346,Kliment,Chaplyn,Heath,38,,,299,,New Yekepa
98919346,Teresa,Bransdon,Kennedy,96633,,,489,,Avignon
76917267,Midge,Lautie,Tennyson,65,,,218,,Uchaly
54413173,Bobbi,Garnsey,Kenwood,04468,,,319,,Fengmu
13814411,Heath,Paur,Northview,05,,,149,,Kangxung
68587313,Hedvig,Juara,3rd,7820,,,47,,Asyūţ
68587313,Thayne,Menhci,Talmadge,0,,,325,,Yirga ‘Alem
44645048,Drake,Feldbaum,Vahlen,53,,,373,,Tadotsu
44645048,Emmey,Sainter,Transport,144,,,442,,Aya
46443369,Fonzie,Cristea,Hansons,02,,,365,,Doctor Juan León Mallorquín
15279496,Konstantin,Gleader,Golf View,889,,,99,,Pulo
39346372,Omar,Karchewski,Forest,0601,,,239,,Solntsevo
51948069,Fleur,Brandham,Darwin,016,,,500,,Obršani
97222424,Dix,Foxhall,Jay,38,,,500,,Iturama
66794461,Felita,Stille,Lukken,270,,,160,,Chipyela
54819900,Jeromy,Alford,Kipling,3,,,334,,New Hyde Park
58657508,Jaimie,Sleath,Loftsgordon,362,,,230,,Habiganj
36028460,Minnaminnie,Kennaway,Katie,575,,,394,,Pentaplátano
91261994,Dulce,Powner,Jackson,8,,,438,,Talagante
56729812,Lory,Cormode,Westerfield,4,,,306,,Rukunlima Bawah
